{
  "version": 1,
  "author": "Anonymous maker",
  "editor": "wokwi",
  "parts": [
    { "type": "board-esp32-devkit-c-v4", "id": "esp", "top": -76.8, "left": 33.64, "attrs": {} },
    { "type": "board-ds18b20", "id": "temp1", "top": -29.93, "left": -111.12, "attrs": {} },
    {
      "type": "wokwi-resistor",
      "id": "r1",
      "top": 32.75,
      "left": -76.8,
      "attrs": { "value": "4700" }
    },
    { "type": "wokwi-potentiometer", "id": "pot2", "top": -183.7, "left": -221, "attrs": {} }
  ],
  "connections": [
    [ "esp:TX", "$serialMonitor:RX", "", [] ],
    [ "esp:RX", "$serialMonitor:TX", "", [] ],
    [ "temp1:GND", "esp:GND.1", "black", [ "v0" ] ],
    [ "temp1:DQ", "esp:4", "green", [ "v0" ] ],
    [ "temp1:VCC", "r1:1", "red", [ "v0" ] ],
    [ "r1:2", "esp:3V3", "red", [ "v0" ] ],
    [ "pot2:GND", "esp:GND.3", "black", [ "v0" ] ],
    [ "pot2:VCC", "esp:5V", "red", [ "v0" ] ],
    [ "pot2:SIG", "esp:34", "green", [ "v0" ] ]
  ],
  "dependencies": {}
}